Date,AAPL,AMZN,BMY,CELG,EXC,GM,GOOG,INTC,KO,MMM,MS,MSFT,^GSPC
2018-01-02,168.98731994628906,1189.010009765625,59.2379035949707,106.16000366210938,38.00032424926758,39.76261520385742,1065.0,45.41214370727539,43.63664627075195,227.97445678710938,50.69869613647461,84.12812805175781,2695.81005859375
2018-01-03,168.9578857421875,1204.199951171875,59.286216735839844,109.13999938964844,37.491607666015625,40.7328987121582,1082.47998046875,43.870941162109375,43.54082107543945,227.9647979736328,50.83470153808594,84.51964569091797,2713.06005859375
2018-01-04,169.74270629882812,1209.5899658203125,60.05452346801758,106.68000030517578,36.96368408203125,41.988563537597656,1086.4000244140625,43.06641387939453,44.154075622558594,230.94461059570312,51.611839294433594,85.26354217529297,2723.989990234375
2018-01-05,171.67527770996094,1229.1400146484375,60.19068145751953,104.98999786376953,36.65653610229492,41.86490249633789,1102.22998046875,43.36690139770508,44.14448928833008,232.74411010742188,51.5924072265625,86.32064819335938,2743.14990234375
2018-01-08,171.03762817382812,1246.8699951171875,60.21012878417969,104.18000030517578,37.050071716308594,42.064666748046875,1106.93994140625,43.36690139770508,44.077423095703125,231.98947143554688,51.378692626953125,86.40873718261719,2747.7099609375
2018-01-09,171.01800537109375,1252.699951171875,60.15177536010742,105.48999786376953,36.627742767333984,41.90294647216797,1106.260009765625,42.28126907348633,44.29780197143555,233.4309844970703,51.776981353759766,86.35001373291016,2751.2900390625
2018-01-10,170.978759765625,1254.3299560546875,60.30738067626953,105.45999908447266,36.426170349121094,40.90413284301758,1102.6099853515625,41.19565200805664,44.14448928833008,233.29554748535156,52.38897705078125,85.95848846435547,2748.22998046875
2018-01-11,171.949951171875,1276.6800537109375,60.754756927490234,104.58000183105469,36.86770248413086,42.0361328125,1105.52001953125,42.077720642089844,44.11574935913086,234.42750549316406,52.65126037597656,86.21297454833984,2767.56005859375
2018-01-12,173.72557067871094,1305.199951171875,61.08542251586914,106.0,36.848506927490234,41.921974182128906,1122.260009765625,41.912933349609375,44.22114562988281,236.51722717285156,53.54497528076172,87.70076751708984,2786.239990234375
2018-01-16,172.84268188476562,1304.8599853515625,58.27477264404297,104.81999969482422,36.92530059814453,42.0361328125,1121.760009765625,41.81600570678711,44.58526611328125,236.7784423828125,53.039833068847656,86.47725677490234,2776.419921875
2018-01-17,175.6973876953125,1295.0,60.15177536010742,102.0199966430664,37.5203971862793,41.88392639160156,1131.97998046875,43.02764129638672,44.86314392089844,240.03883361816406,53.76839828491211,88.22931671142578,2802.56005859375
2018-01-18,175.85433959960938,1293.3199462890625,60.13233184814453,101.72000122070312,37.04047775268555,41.72220993041992,1129.7900390625,43.11488342285156,44.92063903808594,237.910400390625,54.2443962097168,88.1901626586914,2798.030029296875
2018-01-19,175.06954956054688,1294.5799560546875,60.56997299194336,102.6500015258789,36.44537353515625,41.046817779541016,1137.510009765625,43.44444274902344,45.188934326171875,240.1065216064453,55.818111419677734,88.09227752685547,2810.300048828125
2018-01-22,173.6372833251953,1327.31005859375,61.542518615722656,102.91000366210938,36.52216339111328,41.179996490478516,1155.81005859375,44.34589767456055,45.39973831176758,239.25515747070312,55.72096633911133,89.66815185546875,2832.969970703125
2018-01-23,173.676513671875,1362.5400390625,61.68839645385742,104.55000305175781,36.98288345336914,41.26560592651367,1169.969970703125,44.64638900756836,45.466819763183594,238.29734802246094,55.28382873535156,89.95199584960938,2839.1298828125
2018-01-24,170.9100799560547,1357.510009765625,62.009334564208984,103.11000061035156,36.67573165893555,42.007591247558594,1164.239990234375,44.1132698059082,45.8309326171875,239.63247680664062,55.60439682006836,89.87370300292969,2837.5400390625
2018-01-25,167.85916137695312,1377.949951171875,61.77592849731445,104.38999938964844,37.12685775756836,41.056331634521484,1170.3699951171875,43.90971374511719,45.84051513671875,244.1505584716797,55.186683654785156,90.37289428710938,2839.25
2018-01-26,168.25155639648438,1402.050048828125,62.48588562011719,105.16999816894531,37.29963684082031,41.37024688720703,1175.8399658203125,48.54301834106445,46.501670837402344,250.2165985107422,55.954105377197266,92.06622314453125,2872.8701171875
2018-01-29,164.76901245117188,1417.6800537109375,62.660945892333984,103.26000213623047,36.79092025756836,40.92315673828125,1175.5799560546875,48.446083068847656,45.706363677978516,247.6818389892578,55.80839538574219,91.92919158935547,2853.530029296875
2018-01-30,163.79783630371094,1437.8199462890625,62.20384979248047,101.58000183105469,36.75251770019531,40.618751525878906,1163.68994140625,47.29261016845703,45.428489685058594,243.3572235107422,55.22298812866211,90.7741928100586,2822.429931640625
2018-01-31,164.24908447265625,1450.8900146484375,60.881187438964844,101.16000366210938,36.96368408203125,40.34288787841797,1169.93994140625,46.66255187988281,45.6009635925293,242.35105895996094,55.1742057800293,92.99607849121094,2823.81005859375
2018-02-01,164.59243774414062,1390.0,61.0756950378418,100.33999633789062,36.320587158203125,40.36191177368164,1167.699951171875,46.187591552734375,45.466819763183594,239.8743438720703,56.05231475830078,92.26197814941406,2821.97998046875
2018-02-02,157.45074462890625,1429.949951171875,61.73702621459961,99.80000305175781,36.205413818359375,39.001609802246094,1111.9000244140625,44.7336311340332,44.77690124511719,237.1944580078125,54.1302375793457,89.83454132080078,2762.1298828125
2018-02-05,153.51695251464844,1390.0,59.286216735839844,93.73999786376953,35.43752670288086,37.61277770996094,1055.800048828125,43.153656005859375,43.01381301879883,223.9110870361328,51.271522521972656,86.13467407226562,2648.93994140625
2018-02-06,159.9326629638672,1442.8399658203125,59.22786331176758,96.25,35.00559997558594,39.81969451904297,1080.5999755859375,43.8270149230957,42.80300521850586,226.0298614501953,53.00822067260742,89.39408874511719,2695.139892578125
2018-02-07,156.50897216796875,1416.780029296875,60.910362243652344,95.16000366210938,34.698455810546875,40.32386016845703,1048.5799560546875,44.110015869140625,42.697601318359375,225.6041717529297,53.222869873046875,87.7105484008789,2681.659912109375
2018-02-08,152.202392578125,1350.5,60.968711853027344,91.0199966430664,34.535274505615234,38.763797760009766,1001.52001953125,41.71910095214844,41.29862594604492,215.6392364501953,50.53001403808594,83.20805358886719,2581.0
2018-02-09,154.06405639648438,1339.5999755859375,60.97844314575195,92.51000213623047,35.379940032958984,39.43918991088867,1037.780029296875,42.89016342163086,41.32736587524414,217.88377380371094,50.871498107910156,86.31086730957031,2619.550048828125
2018-02-12,160.26956176757812,1386.22998046875,61.42580795288086,91.51000213623047,35.677490234375,39.9528694152832,1051.93994140625,43.74894714355469,42.132266998291016,221.7342987060547,52.1301155090332,87.24071502685547,2656.0
2018-02-13,161.87510681152344,1414.510009765625,62.11631393432617,91.9800033569336,35.5239143371582,39.38211441040039,1052.0999755859375,43.38786697387695,42.34306335449219,223.83370971679688,52.091087341308594,87.9258804321289,2662.93994140625
2018-02-14,164.85964965820312,1451.050048828125,63.55567932128906,94.38999938964844,35.460941314697266,39.77213668823242,1069.699951171875,44.28567886352539,42.2568244934082,224.452880859375,53.7107048034668,89.30264282226562,2698.6298828125
2018-02-15,170.39537048339844,1461.760009765625,67.08601379394531,96.13999938964844,36.33292770385742,39.8101806640625,1089.52001953125,44.81265640258789,42.90840530395508,228.5694122314453,54.052188873291016,91.1219482421875,2731.199951171875
2018-02-16,169.84376525878906,1448.68994140625,67.06656646728516,95.26000213623047,36.604217529296875,39.087223052978516,1094.800048828125,44.46133804321289,43.10004806518555,230.3211212158203,53.79851150512695,90.47289276123047,2732.219970703125
2018-02-20,169.2724609375,1468.3499755859375,65.50077056884766,93.8499984741211,36.507328033447266,38.78282165527344,1102.4599609375,45.20301055908203,42.151424407958984,228.7640380859375,53.720458984375,91.18094635009766,2716.260009765625
2018-02-21,168.50416564941406,1482.9200439453125,64.70327758789062,93.88999938964844,35.90662384033203,38.58306121826172,1111.3399658203125,44.83217239379883,41.52859115600586,225.95155334472656,53.759483337402344,89.97135925292969,2701.330078125
2018-02-22,169.91270446777344,1485.3399658203125,64.12948608398438,93.77999877929688,36.081024169921875,38.91599655151367,1106.6300048828125,44.695552825927734,41.70106887817383,229.66909790039062,53.525325775146484,90.20738220214844,2703.9599609375
2018-02-23,172.86770629882812,1500.0,66.08428955078125,95.61000061035156,37.04990768432617,38.91599655151367,1126.7900390625,46.57900619506836,42.199337005615234,230.6617431640625,54.70589065551758,92.49870300292969,2747.300048828125
2018-02-26,176.28567504882812,1521.949951171875,66.74562072753906,96.48999786376953,36.846431732177734,39.515296936035156,1143.75,47.92573165893555,42.18974685668945,237.59072875976562,55.62302017211914,93.83611297607422,2779.60009765625
2018-02-27,175.71438598632812,1511.97998046875,65.9773178100586,95.77999877929688,36.081024169921875,38.21206283569336,1118.2900390625,48.70643997192383,41.7968864440918,234.32086181640625,55.3400764465332,92.6363754272461,2744.280029296875
2018-02-28,175.4484100341797,1512.449951171875,64.3823471069336,87.12000274658203,35.88724899291992,37.432037353515625,1104.72998046875,48.10139083862305,41.413612365722656,229.19223022460938,54.657108306884766,92.21351623535156,2713.830078125
2018-03-01,172.37521362304688,1493.449951171875,63.8863410949707,87.19000244140625,35.79035949707031,35.94807052612305,1069.52001953125,46.68635559082031,41.614830017089844,225.1340789794922,53.164329528808594,91.30877685546875,2677.669921875
2018-03-02,173.56707763671875,1500.25,64.35316467285156,89.33000183105469,35.77098083496094,35.60561752319336,1078.9200439453125,47.79887008666992,41.8927116394043,224.19012451171875,53.40824890136719,91.5054702758789,2691.25
2018-03-05,174.1679229736328,1523.6099853515625,64.98532104492188,89.04000091552734,36.507328033447266,35.900508880615234,1090.9300537109375,48.55030059814453,42.05560302734375,226.56466674804688,54.1400032043457,92.0856704711914,2720.93994140625
2018-03-06,174.02017211914062,1537.6400146484375,63.672386169433594,89.16999816894531,36.01319885253906,36.08124923706055,1095.06005859375,49.48714828491211,42.093936920166016,227.39186096191406,55.18396759033203,91.77098083496094,2728.1201171875
2018-03-07,172.40476989746094,1545.0,64.28508758544922,90.22000122070312,35.674095153808594,35.900508880615234,1109.6400146484375,50.08243942260742,41.988529205322266,229.25064086914062,55.49618148803711,92.3020248413086,2726.800048828125
2018-03-08,174.28611755371094,1551.8599853515625,64.917236328125,91.19000244140625,36.284488677978516,36.361759185791016,1126.0,49.51642608642578,42.59219741821289,229.99996948242188,55.57423782348633,92.86255645751953,2738.969970703125
2018-03-09,177.280517578125,1578.8900146484375,66.05512237548828,92.55999755859375,36.33292770385742,36.361759185791016,1160.0400390625,50.931461334228516,42.94673156738281,234.87557983398438,57.24263000488281,94.93753814697266,2786.570068359375
2018-03-12,178.99441528320312,1598.3900146484375,65.59801483154297,92.27999877929688,36.36199951171875,36.35215377807617,1164.5,50.277618408203125,42.668853759765625,233.36715698242188,57.4767951965332,95.16371154785156,2783.02001953125
2018-03-13,177.27066040039062,1588.1800537109375,64.84916687011719,91.55999755859375,36.27479553222656,36.52511215209961,1138.1700439453125,50.53134536743164,42.707183837890625,231.1969757080078,56.61820602416992,92.8428955078125,2765.31005859375
2018-03-14,175.76361083984375,1591.0,64.800537109375,91.61000061035156,36.65266036987305,36.217613220214844,1149.489990234375,50.60942077636719,42.320518493652344,228.00497436523438,55.603511810302734,92.29218292236328,2749.47998046875
2018-03-15,175.970458984375,1582.3199462890625,64.43096923828125,89.91000366210938,36.69141387939453,36.37136459350586,1149.5799560546875,49.653053283691406,42.21418380737305,229.54257202148438,55.82791519165039,92.61671447753906,2747.330078125
2018-03-16,175.34991455078125,1571.6800537109375,64.7713623046875,89.61000061035156,37.185546875,36.457847595214844,1135.72998046875,49.93605422973633,42.01118469238281,230.8563690185547,56.11085510253906,93.02973937988281,2752.010009765625
2018-03-19,172.6707305908203,1544.9300537109375,64.25591278076172,88.52999877929688,37.0305290222168,35.564178466796875,1099.8199462890625,49.604251861572266,41.817848205566406,225.3481903076172,55.56447982788086,91.34811401367188,2712.919921875
2018-03-20,172.6116180419922,1586.510009765625,64.60603332519531,88.2699966430664,37.11772537231445,35.44887161254883,1097.7099609375,50.30689239501953,41.72119140625,226.2143096923828,56.07183074951172,91.58413696289062,2716.93994140625
2018-03-21,168.70115661621094,1581.8599853515625,64.28508758544922,88.30999755859375,36.885189056396484,36.111915588378906,1090.8800048828125,50.316650390625,41.566524505615234,227.85899353027344,55.72058868408203,90.9449234008789,2711.929931640625
2018-03-22,166.3174591064453,1544.9200439453125,62.19411849975586,86.91000366210938,37.17585372924805,34.92996597290039,1049.0799560546875,49.604251861572266,41.33451843261719,217.18325805664062,53.31067657470703,88.29957580566406,2643.68994140625
2018-03-23,162.46609497070312,1495.56005859375,60.35601806640625,84.9800033569336,36.53639602661133,33.79606246948242,1021.5700073242188,48.16970443725586,40.91885757446289,209.58277893066406,50.803199768066406,85.73289489746094,2588.260009765625
2018-03-26,170.17868041992188,1555.8599853515625,61.65922546386719,87.16999816894531,36.91425704956055,34.58403015136719,1053.2099609375,51.2144660949707,41.26685333251953,214.33187866210938,52.97895050048828,92.22334289550781,2658.550048828125
2018-03-27,165.8151092529297,1497.050048828125,60.69640350341797,85.80999755859375,37.27274703979492,33.507781982421875,1005.0999755859375,49.955570220947266,41.46018600463867,210.07908630371094,51.856929779052734,87.98489379882812,2612.6201171875
2018-03-28,163.98300170898438,1431.4200439453125,60.85200881958008,88.41000366210938,37.34056854248047,34.08434295654297,1004.5599975585938,48.40391540527344,41.8758544921875,210.73110961914062,51.622764587402344,87.90621185302734,2605.0
2018-03-29,165.2635040283203,1447.3399658203125,61.51333999633789,89.20999908447266,37.795936584472656,34.92035675048828,1031.7900390625,50.82411575317383,41.982181549072266,213.6311798095703,52.647216796875,89.75501251220703,2640.8701171875
2018-04-02,164.1800079345703,1371.989990234375,60.29766082763672,87.06999969482422,37.06927490234375,34.36301040649414,1006.469970703125,47.74031066894531,41.24751663208008,206.91627502441406,51.4373893737793,87.05065155029297,2581.8798828125
2018-04-03,165.86434936523438,1392.050048828125,61.0465202331543,86.83000183105469,37.544029235839844,35.49691390991211,1013.4099731445312,48.55030059814453,41.93385314941406,210.52676391601562,51.876441955566406,88.22089385986328,2614.449951171875
2018-04-04,169.03607177734375,1410.5699462890625,61.25075149536133,90.47000122070312,37.573097229003906,36.544334411621094,1025.1400146484375,48.78451156616211,42.76518630981445,211.7237548828125,52.36427307128906,90.79740905761719,2644.68994140625
2018-04-05,170.2082061767578,1451.75,60.986488342285156,88.83999633789062,37.78624725341797,36.515506744384766,1027.81005859375,49.16510772705078,42.91984939575195,212.80398559570312,53.525325775146484,90.8465805053711,2662.840087890625
2018-04-06,165.85452270507812,1405.22998046875,59.58686447143555,86.94999694824219,37.42776107788086,36.2080078125,1007.0399780273438,47.61345291137695,42.455848693847656,206.5561981201172,51.749610900878906,88.7322769165039,2604.469970703125
2018-04-09,167.4994659423828,1406.0799560546875,59.19536209106445,86.94000244140625,37.389007568359375,36.35215377807617,1015.4500122070312,48.355125427246094,42.36885452270508,207.10118103027344,52.05206298828125,89.26331329345703,2613.159912109375
2018-04-10,170.65145874023438,1436.219970703125,59.90985107421875,89.44000244140625,37.46651840209961,37.54370880126953,1031.6400146484375,50.03364944458008,42.523521423339844,211.1593017578125,52.82284164428711,91.3382797241211,2656.8701171875
2018-04-11,169.85362243652344,1427.050048828125,58.901737213134766,88.70999908447266,37.28242874145508,37.4764404296875,1019.969970703125,49.86774444580078,42.523521423339844,208.58041381835938,51.456905364990234,90.33521270751953,2642.18994140625
2018-04-12,171.52810668945312,1448.5,57.5901985168457,89.73999786376953,36.5848388671875,37.31308364868164,1032.510009765625,51.44868087768555,42.56217956542969,210.6143341064453,52.53989791870117,92.02666473388672,2663.989990234375
2018-04-13,172.10926818847656,1430.7900390625,57.404232025146484,89.4000015258789,37.146793365478516,37.21698760986328,1029.27001953125,50.60942077636719,43.02617645263672,209.73851013183594,51.691062927246094,91.53496551513672,2656.300048828125
2018-04-16,173.18292236328125,1441.5,52.93130111694336,90.54000091552734,37.389007568359375,37.63979721069336,1037.97998046875,51.13639450073242,43.190513610839844,211.86000061035156,52.10084533691406,92.60686492919922,2677.840087890625
2018-04-17,175.56661987304688,1503.8299560546875,51.26741027832031,91.0999984741211,37.854068756103516,37.68784713745117,1074.1600341796875,52.2489013671875,43.38385009765625,214.18588256835938,51.944740295410156,94.47533416748047,2706.389892578125
2018-04-18,175.172607421875,1527.8399658203125,51.18910598754883,91.01000213623047,37.72811508178711,37.40917205810547,1072.0799560546875,52.31721878051758,43.02617645263672,213.6311798095703,51.96425247192383,94.83919525146484,2708.639892578125
2018-04-19,170.2082061767578,1556.9100341796875,50.51376724243164,89.62000274658203,37.74748992919922,36.29449462890625,1087.699951171875,50.96073913574219,42.832855224609375,212.97914123535156,53.36921691894531,94.51466369628906,2693.1298828125
2018-04-20,163.23439025878906,1527.489990234375,50.08311080932617,88.94999694824219,37.3986930847168,36.140743255615234,1072.9599609375,50.28737258911133,42.28185272216797,211.90866088867188,53.13505554199219,93.42308807373047,2670.139892578125
2018-04-23,162.7615966796875,1517.8599853515625,49.818843841552734,89.48999786376953,37.45683288574219,36.217613220214844,1067.449951171875,49.86774444580078,42.513851165771484,210.08883666992188,52.33500671386719,93.76728057861328,2670.2900390625
2018-04-24,160.49610900878906,1460.0899658203125,50.48440170288086,89.13999938964844,37.96064758300781,36.4482421875,1019.97998046875,50.20930862426758,41.63418960571289,195.73452758789062,51.778873443603516,91.57429504394531,2634.56005859375
2018-04-25,161.19544982910156,1460.1700439453125,50.66057586669922,89.19999694824219,37.94126892089844,36.621212005615234,1021.1799926757812,50.140995025634766,41.015525817871094,193.50595092773438,50.77393341064453,90.77774047851562,2639.39990234375
2018-04-26,161.7569122314453,1517.9599609375,50.93463134765625,92.08000183105469,38.28037643432617,36.755741119384766,1040.0400390625,51.77072525024414,41.32485580444336,191.80288696289062,50.9300422668457,92.69538879394531,2666.93994140625
2018-04-27,159.88540649414062,1572.6199951171875,51.15974807739258,91.18000030517578,38.60979461669922,36.17918014526367,1030.050048828125,51.45843505859375,41.866188049316406,190.85890197753906,50.8418083190918,94.22948455810547,2669.909912109375
2018-04-30,162.7812957763672,1566.1300048828125,51.02272033691406,87.0999984741211,38.44508743286133,35.30472946166992,1017.3300170898438,50.37520217895508,41.7695198059082,189.1753387451172,50.60651779174805,91.96765899658203,2648.050048828125
2018-05-01,166.56370544433594,1582.260009765625,51.570823669433594,87.93000030517578,38.90045928955078,34.997230529785156,1037.31005859375,52.04397201538086,41.170188903808594,189.78843688964844,50.792789459228516,93.42308807373047,2654.800048828125
2018-05-02,173.9216766357422,1569.6800537109375,50.40610122680664,86.9000015258789,39.1233024597168,34.785823822021484,1024.3800048828125,51.04856872558594,40.657859802246094,189.28237915039062,50.6849479675293,91.95783233642578,2635.669921875
2018-05-03,174.2368621826172,1572.0799560546875,50.35716247558594,85.4000015258789,39.578670501708984,34.7377815246582,1023.719970703125,51.019287109375,40.493526458740234,190.4307098388672,50.07712173461914,92.50852966308594,2629.72998046875
2018-05-04,181.07276916503906,1580.949951171875,50.239715576171875,86.88999938964844,39.801517486572266,35.27589797973633,1048.2099609375,51.804500579833984,40.947853088378906,194.01199340820312,50.390838623046875,93.58043670654297,2663.419921875
2018-05-07,182.3828125,1600.1400146484375,50.229923248291016,84.56999969482422,40.014671325683594,34.92035675048828,1054.7900390625,52.34434127807617,40.735191345214844,194.88784790039062,51.36140060424805,94.62284851074219,2672.6298828125
2018-05-08,183.2594757080078,1592.3900146484375,49.456703186035156,83.12999725341797,39.47209930419922,34.91074752807617,1053.9100341796875,52.6387939453125,40.41619110107422,196.32814025878906,52.331966400146484,94.21965026855469,2671.919921875
2018-05-09,184.54983520507812,1608.0,50.00481033325195,82.80000305175781,38.72606658935547,34.853092193603516,1082.760009765625,53.335670471191406,40.38718795776367,197.96307373046875,53.07704162597656,95.33090209960938,2697.7900390625
2018-05-10,187.1896209716797,1609.0799560546875,50.06353759765625,82.37999725341797,39.33645248413086,35.70832061767578,1097.5699462890625,53.96384048461914,40.77385711669922,199.5299072265625,53.959373474121094,96.28480529785156,2723.070068359375
2018-05-11,186.47769165039062,1602.9100341796875,50.75845718383789,84.54000091552734,39.37520980834961,35.44887161254883,1098.260009765625,53.659568786621094,40.735191345214844,199.65640258789062,54.11623001098633,96.07827758789062,2727.719970703125
2018-05-14,186.04261779785156,1601.5400390625,50.91505813598633,85.30999755859375,39.419185638427734,35.199031829833984,1100.199951171875,53.88532257080078,40.638519287109375,200.24029541015625,54.135841369628906,96.40280151367188,2730.1298828125
2018-05-15,184.35177612304688,1576.1199951171875,51.18910598754883,81.9800033569336,39.29214859008789,35.49691390991211,1079.22998046875,52.923431396484375,40.32918930053711,196.98016357421875,53.773101806640625,95.70458984375,2711.449951171875
2018-05-16,186.072265625,1587.280029296875,51.101016998291016,81.36000061035156,38.881736755371094,36.544334411621094,1081.77001953125,53.630123138427734,40.16485595703125,194.83920288085938,53.890750885009766,95.95149993896484,2722.4599609375
2018-05-17,184.89561462402344,1581.760009765625,51.61976623535156,79.9800033569336,38.451778411865234,36.80378723144531,1078.5899658203125,53.79698181152344,40.889854431152344,196.31874084472656,53.7927131652832,94.99346923828125,2720.1298828125
2018-05-18,184.22323608398438,1574.3699951171875,51.59040069580078,78.37000274658203,38.53972625732422,36.3137092590332,1066.3599853515625,52.51119613647461,40.77385711669922,194.9469757080078,52.86136245727539,95.17124938964844,2712.969970703125
2018-05-21,185.5284423828125,1585.4599609375,51.1303825378418,74.69000244140625,38.73516082763672,36.601993560791016,1079.5799560546875,53.3160400390625,40.99618911743164,197.69049072265625,53.292724609375,96.39595031738281,2733.010009765625
2018-05-22,185.063720703125,1581.4000244140625,51.22825622558594,76.61000061035156,38.95991134643555,36.78456497192383,1069.72998046875,53.44363784790039,40.841522216796875,194.95675659179688,53.802513122558594,96.29718780517578,2724.43994140625
2018-05-23,186.25025939941406,1601.8599853515625,51.384857177734375,77.66000366210938,39.380096435546875,36.37136459350586,1079.68994140625,54.18959045410156,40.98652648925781,194.66281127929688,53.28291702270508,97.44287109375,2733.2900390625
2018-05-24,186.04261779785156,1603.0699462890625,51.570823669433594,79.54000091552734,39.60484313964844,36.8902702331543,1079.239990234375,53.738094329833984,40.90918731689453,195.3878936767578,52.93979263305664,97.0971908569336,2727.760009765625
2018-05-25,186.46780395507812,1610.1500244140625,51.64912414550781,78.62999725341797,39.74164962768555,36.80378723144531,1075.6600341796875,54.41533660888672,40.98652648925781,195.01556396484375,51.9692268371582,97.14657592773438,2721.330078125
2018-05-29,185.79542541503906,1612.8699951171875,51.15974807739258,77.83000183105469,39.780738830566406,35.91973114013672,1060.3199462890625,54.29755401611328,41.2571907043457,191.79193115234375,48.97911071777344,96.80089569091797,2689.860107421875
2018-05-30,185.39988708496094,1624.8900146484375,51.89381408691406,77.97000122070312,40.27909851074219,36.35215377807617,1067.800048828125,54.65090560913086,41.69218444824219,194.672607421875,49.96928405761719,97.72929382324219,2724.010009765625
2018-05-31,184.77694702148438,1629.6199951171875,51.50231170654297,78.68000030517578,40.44520950317383,41.03189468383789,1084.989990234375,54.17977523803711,41.566524505615234,193.25186157226562,49.155574798583984,97.62065124511719,2705.27001953125
2018-06-01,188.10922241210938,1641.5400390625,52.00148010253906,79.04000091552734,40.054344177246094,41.512367248535156,1119.5,56.02503204345703,41.682518005371094,195.56427001953125,50.204566955566406,99.54660034179688,2734.6201171875
2018-06-04,189.681396484375,1665.27001953125,50.35716247558594,78.6500015258789,39.614620208740234,42.069705963134766,1139.2900390625,55.7796516418457,42.04018783569336,197.00460815429688,50.53789138793945,100.41574096679688,2746.8701171875
2018-06-05,191.1448211669922,1696.3499755859375,50.81718063354492,77.97000122070312,39.50712585449219,41.71415710449219,1139.6600341796875,55.485191345214844,41.672855377197266,197.14178466796875,49.78301239013672,100.92933654785156,2748.800048828125
2018-06-06,191.80731201171875,1695.75,51.795936584472656,78.79000091552734,38.80356216430664,42.213844299316406,1136.8800048828125,55.9759521484375,42.01118469238281,199.7481231689453,50.89082717895508,101.22562408447266,2772.35009765625
2018-06-07,191.29315185546875,1689.300048828125,51.50231170654297,78.79000091552734,39.22374725341797,42.65972900390625,1123.8599853515625,54.84720993041992,41.99184799194336,200.93373107910156,51.116310119628906,99.63548278808594,2770.3701171875
2018-06-08,189.5528564453125,1683.989990234375,52.03083801269531,79.05999755859375,39.08694076538086,42.892372131347656,1120.8699951171875,54.03254699707031,42.4848518371582,202.42306518554688,50.89082717895508,100.37622833251953,2779.030029296875
2018-06-11,189.088134765625,1689.1199951171875,51.9916877746582,78.33000183105469,39.01853942871094,43.473960876464844,1129.989990234375,53.51234436035156,42.658851623535156,200.98272705078125,50.76337814331055,99.80339813232422,2782.0
2018-06-12,190.12635803222656,1698.75,52.00148010253906,77.47000122070312,39.56576156616211,42.824520111083984,1139.3199462890625,53.806800842285156,42.92951583862305,200.78675842285156,50.312408447265625,100.0601806640625,2786.85009765625
2018-06-13,188.56405639648438,1704.8599853515625,52.3244743347168,77.37999725341797,39.595069885253906,43.08623504638672,1134.7900390625,54.012916564941406,42.707183837890625,200.75735473632812,50.586910247802734,99.6058578491211,2775.6298828125
2018-06-14,188.66293334960938,1723.8599853515625,52.49085998535156,78.38999938964844,40.13252258300781,42.23323059082031,1152.1199951171875,54.513492584228516,42.502376556396484,199.5227813720703,50.302608489990234,100.1688232421875,2782.489990234375
2018-06-15,186.72488403320312,1715.969970703125,53.63600540161133,78.08000183105469,40.542930603027344,42.562801361083984,1152.260009765625,54.09143829345703,43.029022216796875,200.8357391357422,50.15555191040039,98.89474487304688,2779.659912109375
2018-06-18,186.6260223388672,1723.7900390625,52.510433197021484,77.7300033569336,40.76768112182617,42.60157775878906,1173.4599609375,52.23637008666992,42.47311782836914,200.0518798828125,49.7732048034668,99.61573791503906,2773.75
2018-06-19,183.61016845703125,1734.780029296875,52.500648498535156,79.44000244140625,40.66019058227539,40.96342468261719,1168.06005859375,51.95172882080078,42.52187728881836,195.36830139160156,48.93989562988281,99.61573791503906,2762.590087890625
2018-06-20,184.41110229492188,1750.0799560546875,53.09769058227539,79.7699966430664,40.84585952758789,40.66293716430664,1169.8399658203125,52.4719352722168,42.190284729003906,194.08470153808594,48.910484313964844,100.61328125,2767.320068359375
2018-06-21,183.38275146484375,1730.219970703125,52.794273376464844,79.13999938964844,40.48430252075195,39.8583984375,1157.6600341796875,51.225406646728516,42.02449417114258,191.5763702392578,48.81245040893555,99.89227294921875,2749.760009765625
2018-06-22,182.84878540039062,1715.6700439453125,53.968788146972656,78.80000305175781,40.552703857421875,39.984413146972656,1155.47998046875,51.52967834472656,42.18053436279297,192.53659057617188,47.93011474609375,99.1712875366211,2754.8798828125
2018-06-25,180.12960815429688,1663.1500244140625,53.508766174316406,78.52999877929688,40.894710540771484,39.36404800415039,1124.81005859375,49.772762298583984,42.502376556396484,191.8507080078125,46.98896789550781,97.17620849609375,2717.070068359375
2018-06-26,182.36428833007812,1691.0899658203125,53.74367141723633,78.30999755859375,41.07060623168945,39.75177764892578,1118.4599609375,48.75197982788086,42.25856018066406,192.61497497558594,46.85171890258789,97.8576889038086,2723.06005859375
2018-06-27,182.09732055664062,1660.510009765625,53.31301498413086,77.25,41.23672866821289,39.13140869140625,1103.97998046875,47.85879898071289,42.00498580932617,190.9884490966797,46.263492584228516,96.3366928100586,2699.6298828125
2018-06-28,183.42230224609375,1701.449951171875,54.125389099121094,76.66000366210938,41.31489944458008,39.27680969238281,1114.219970703125,48.33974075317383,42.39509582519531,192.01727294921875,47.34189987182617,97.41324615478516,2716.31005859375
2018-06-29,183.03668212890625,1699.800048828125,54.1645393371582,79.41999816894531,41.627593994140625,38.19117736816406,1115.6500244140625,48.79124450683594,42.77545166015625,192.7521514892578,46.46937561035156,97.39349365234375,2718.3701171875
2018-07-02,185.08346557617188,1713.780029296875,54.01771926879883,79.51000213623047,41.92074966430664,38.28810501098633,1127.4599609375,49.27219009399414,42.66817092895508,191.5763702392578,46.7830924987793,98.7762222290039,2726.7099609375
2018-07-03,181.8599853515625,1693.9599609375,54.467952728271484,78.6500015258789,41.832801818847656,37.77436828613281,1102.8900146484375,48.55567932128906,42.90224075317383,191.88009643554688,46.09683609008789,97.82806396484375,2713.219970703125
2018-07-05,183.3234100341797,1699.72998046875,55.15804672241211,80.38999938964844,41.94028854370117,38.25902557373047,1124.27001953125,49.81201934814453,43.55567169189453,193.35963439941406,45.78311538696289,98.52930450439453,2736.610107421875
2018-07-06,185.86465454101562,1710.6300048828125,55.75941467285156,82.44000244140625,42.106407165527344,37.958534240722656,1140.1700439453125,50.420562744140625,43.536163330078125,193.47723388671875,46.16545867919922,99.91203308105469,2759.820068359375
2018-07-09,188.44540405273438,1739.02001953125,55.65096664428711,83.8499984741211,40.894710540771484,38.530433654785156,1154.050048828125,50.90150833129883,43.30209732055664,196.4853057861328,47.45954513549805,100.5935287475586,2784.169921875
2018-07-10,188.2179718017578,1743.0699462890625,55.38479232788086,84.55999755859375,41.2074089050293,38.86000442504883,1152.8399658203125,51.195960998535156,43.85800552368164,197.4161376953125,47.1556282043457,100.86019134521484,2793.840087890625
2018-07-11,185.77565002441406,1755.0,54.96087646484375,83.33000183105469,41.481021881103516,38.09423828125,1153.9000244140625,50.25370788574219,43.68245315551758,193.69277954101562,46.8125,100.721923828125,2774.02001953125
2018-07-12,188.89036560058594,1796.6199951171875,56.0058708190918,85.5999984741211,41.38330078125,38.06515884399414,1183.47998046875,51.382450103759766,43.5654182434082,195.29971313476562,47.07719802856445,102.90465545654297,2798.2900390625
2018-07-13,189.18701171875,1813.030029296875,56.0551643371582,85.69000244140625,41.422386169433594,38.152400970458984,1188.8199462890625,51.254852294921875,43.63369369506836,197.1221923828125,47.136024475097656,104.12935638427734,2801.31005859375
2018-07-16,188.77171325683594,1822.489990234375,55.63125228881836,85.2300033569336,41.1878662109375,38.34626388549805,1183.8599853515625,51.048736572265625,43.623939514160156,197.0535888671875,47.93992614746094,103.61577606201172,2798.429931640625
2018-07-17,189.3056640625,1843.9300537109375,55.82841873168945,85.8499984741211,40.96311569213867,38.801841735839844,1198.800048828125,50.79353713989258,44.131080627441406,197.99424743652344,48.21442794799805,104.64293670654297,2809.550048828125
2018-07-18,188.2674102783203,1842.9200439453125,56.07488250732422,85.77999877929688,40.96311569213867,38.646751403808594,1195.8800048828125,50.76409149169922,44.004295349121094,198.12161254882812,49.56732940673828,103.82318115234375,2815.6201171875
2018-07-19,189.73085021972656,1812.969970703125,55.73969650268555,85.33999633789062,41.275814056396484,38.10393524169922,1186.9599609375,51.019287109375,43.99454116821289,197.5337371826172,48.87126922607422,103.112060546875,2804.489990234375
2018-07-20,189.2957763671875,1813.699951171875,55.90728759765625,85.0999984741211,41.09014892578125,38.19117736816406,1184.9100341796875,50.950584411621094,44.16033935546875,197.8766632080078,49.283023834228516,104.95899200439453,2801.830078125
2018-07-23,189.4638671875,1802.0,55.08903884887695,85.08000183105469,40.66019058227539,38.06515884399414,1205.5,51.34318923950195,43.838497161865234,194.8293914794922,49.743797302246094,106.63801574707031,2806.97998046875
2018-07-24,190.8383026123047,1829.239990234375,57.43534851074219,87.16999816894531,40.699283599853516,38.26871871948242,1248.0799560546875,51.21559524536133,44.140830993652344,196.63226318359375,49.97908401489258,106.33184814453125,2820.39990234375
2018-07-25,192.63792419433594,1863.6099853515625,58.204307556152344,87.66999816894531,40.92403030395508,36.49486541748047,1263.699951171875,51.460968017578125,44.95030975341797,200.2576446533203,50.037906646728516,109.46273803710938,2846.070068359375
2018-07-26,192.03475952148438,1808.0,57.10015869140625,88.30999755859375,41.30513000488281,35.622474670410156,1268.3299560546875,51.195960998535156,45.09659957885742,203.76544189453125,49.9888916015625,108.26766967773438,2837.43994140625
2018-07-27,188.84091186523438,1817.27001953125,56.114315032958984,86.43000030517578,41.23672866821289,36.378543853759766,1238.5,46.79875946044922,45.06734085083008,203.236328125,50.04771041870117,106.35159301757812,2818.820068359375
2018-07-30,187.7829132080078,1779.219970703125,58.095863342285156,88.91000366210938,40.84585952758789,36.51424789428711,1219.739990234375,46.80857467651367,45.086849212646484,200.98272705078125,50.19563674926758,104.07010650634766,2802.60009765625
2018-07-31,188.1586456298828,1777.43994140625,57.91841125488281,90.08999633789062,41.52988052368164,36.74688720703125,1217.260009765625,47.21099853515625,45.476959228515625,208.03750610351562,49.8603401184082,104.7713394165039,2816.2900390625
2018-08-01,199.2430877685547,1797.1700439453125,58.77609634399414,90.19000244140625,41.041290283203125,36.000511169433594,1220.010009765625,47.90787887573242,45.242889404296875,202.87379455566406,49.485599517822266,104.9688720703125,2813.360107421875
2018-08-02,205.06712341308594,1834.3299560546875,58.43104934692383,90.55000305175781,41.324668884277344,35.496463775634766,1226.1500244140625,48.56549072265625,45.0380859375,201.38446044921875,49.12071990966797,106.24295043945312,2827.219970703125
2018-08-03,205.66041564941406,1823.2900390625,58.322608947753906,90.44000244140625,41.52010726928711,36.572410583496094,1223.7099609375,48.71272277832031,45.46720504760742,203.10894775390625,49.21933364868164,106.7071533203125,2840.35009765625
2018-08-06,206.7283172607422,1847.75,58.54935073852539,89.23999786376953,41.637367248535156,36.4463996887207,1224.77001953125,48.68309783935547,45.496463775634766,202.5308380126953,49.2982292175293,106.79605102539062,2850.39990234375
2018-08-07,204.79026794433594,1862.47998046875,58.14515686035156,90.30999755859375,41.7937126159668,36.4270133972168,1242.219970703125,49.078094482421875,45.35017013549805,204.36312866210938,49.43629455566406,107.53678894042969,2858.449951171875
2018-08-08,204.92869567871094,1886.52001953125,59.31830978393555,91.23999786376953,41.87188720703125,36.504554748535156,1245.6099853515625,49.334835052490234,45.008827209472656,202.96197509765625,49.426429748535156,108.13927459716797,2857.699951171875
2018-08-09,206.54043579101562,1898.52001953125,58.68737030029297,91.91999816894531,42.38002014160156,36.35915756225586,1249.0999755859375,49.5125846862793,45.203880310058594,200.6495819091797,48.755836486816406,108.31704711914062,2853.580078125
2018-08-10,205.92523193359375,1886.300048828125,58.47048568725586,91.20999908447266,42.1454963684082,35.467384338378906,1237.6099853515625,48.23872756958008,44.940555572509766,197.88645935058594,47.720367431640625,107.65531921386719,2833.280029296875
2018-08-13,207.2548828125,1896.199951171875,58.57892608642578,91.97000122070312,42.321388244628906,35.050575256347656,1235.010009765625,47.84373474121094,44.696739196777344,195.80921936035156,46.694759368896484,106.87506103515625,2821.929931640625
2018-08-14,208.12806701660156,1919.6500244140625,59.11128616333008,92.70999908447266,42.700618743896484,35.089351654052734,1242.0999755859375,47.51786422729492,44.755252838134766,196.4755096435547,47.19770812988281,108.20840454101562,2839.9599609375
2018-08-15,208.61427307128906,1882.6199951171875,59.40703582763672,89.2699966430664,42.9764289855957,34.83732604980469,1214.3800048828125,46.866119384765625,44.940555572509766,197.3279571533203,46.79337692260742,106.74104309082031,2818.3701171875
2018-08-16,211.67047119140625,1886.52001953125,60.2450065612793,90.1500015258789,43.66594314575195,35.17658996582031,1206.489990234375,46.57974624633789,45.07709503173828,199.0524444580078,47.631614685058594,106.7212142944336,2840.68994140625
2018-08-17,215.89752197265625,1882.219970703125,60.02811813354492,90.37000274658203,43.86294174194336,35.26382827758789,1200.9599609375,46.510623931884766,45.447696685791016,200.6397705078125,47.700645446777344,106.66172790527344,2850.1298828125
2018-08-20,213.79393005371094,1876.7099609375,59.466190338134766,90.87999725341797,43.596988677978516,35.64186477661133,1207.77001953125,45.91813659667969,45.57448196411133,200.47320556640625,47.62175369262695,105.9577865600586,2857.050048828125
2018-08-21,213.37716674804688,1883.4200439453125,59.22958755493164,91.19999694824219,43.42953109741211,35.77756881713867,1201.6199951171875,47.02412033081055,45.07709503173828,201.54122924804688,47.8682975769043,105.07538604736328,2862.9599609375
2018-08-22,213.3870849609375,1904.9000244140625,59.712650299072266,90.63999938964844,43.271934509277344,35.02149963378906,1207.3299560546875,46.46125030517578,44.79426574707031,200.14007568359375,47.927459716796875,106.14615631103516,2861.820068359375
2018-08-23,213.8236846923828,1902.9000244140625,59.239444732666016,89.83999633789062,43.24238204956055,34.57561111450195,1205.3800048828125,46.392127990722656,44.56995391845703,199.9921112060547,47.463966369628906,106.64189147949219,2856.97998046875
2018-08-24,214.48849487304688,1905.3900146484375,59.12114334106445,89.93000030517578,43.37043380737305,34.847023010253906,1220.6500244140625,47.06361770629883,44.501686096191406,202.49754333496094,47.47382736206055,107.4747314453125,2874.68994140625
2018-08-27,216.25474548339844,1927.6800537109375,59.16057586669922,91.5199966430664,42.99612808227539,36.53363800048828,1241.8199462890625,47.7449836730957,44.56019973754883,205.4962158203125,49.19961166381836,108.66448211669922,2896.739990234375
2018-08-28,218.00112915039062,1932.8199462890625,59.31830978393555,92.43000030517578,42.749874114990234,36.17498779296875,1231.1500244140625,47.96223068237305,44.24811553955078,206.58123779296875,49.30809020996094,109.31884765625,2897.52001953125
2018-08-29,221.25575256347656,1998.0999755859375,60.25486373901367,94.13999938964844,43.163578033447266,35.98112487792969,1249.300048828125,48.13998031616211,44.209102630615234,207.5972442626953,49.258785247802734,111.06382751464844,2914.0400390625
2018-08-30,223.2899169921875,2002.3800048828125,59.83094787597656,94.26000213623047,43.28178024291992,35.24444580078125,1239.1199951171875,47.6363639831543,43.838497161865234,207.36050415039062,48.617774963378906,110.99442291259766,2901.1298828125
2018-08-31,225.86981201171875,2012.7099609375,59.69293212890625,94.44999694824219,43.05522537231445,34.94395065307617,1218.18994140625,47.8239860534668,43.4678955078125,208.0509796142578,48.15428161621094,111.37118530273438,2901.52001953125
2018-09-04,226.5941619873047,2039.510009765625,59.623924255371094,91.61000061035156,43.331031799316406,34.50775909423828,1197.0,47.35986328125,43.653194427490234,205.76254272460938,48.03594207763672,110.7564697265625,2896.719970703125
2018-09-05,225.1156768798828,1994.8199462890625,60.33373260498047,92.19000244140625,43.53788757324219,34.207271575927734,1186.47998046875,47.12287139892578,44.257869720458984,208.9486083984375,48.045806884765625,107.56395721435547,2888.60009765625
2018-09-06,221.37484741210938,1958.31005859375,60.07741165161133,89.88999938964844,43.695491790771484,33.68794250488281,1171.43994140625,46.66862487792969,44.638221740722656,209.8462371826172,47.2667350769043,107.81182098388672,2878.050048828125
2018-09-07,219.58876037597656,1952.0699462890625,60.442176818847656,90.45999908447266,43.40983581542969,33.22740173339844,1164.8299560546875,45.8687629699707,44.58946228027344,209.6785430908203,47.5527229309082,107.28634643554688,2871.679931640625
2018-09-10,216.6417236328125,1939.010009765625,59.9985466003418,89.1500015258789,43.95159149169922,33.18820571899414,1164.6400146484375,45.720638275146484,44.921051025390625,210.03363037109375,47.27659225463867,108.44635772705078,2877.1298828125
2018-09-11,222.11904907226562,1987.1500244140625,59.63378143310547,87.2300033569336,43.53788757324219,33.0902214050293,1177.3599853515625,44.36778259277344,44.882041931152344,208.89927673339844,47.19770812988281,110.29048156738281,2887.889892578125
2018-09-12,219.3605499267578,1990.0,59.47604751586914,86.80000305175781,43.459083557128906,33.37438201904297,1162.8199462890625,44.36778259277344,45.09659957885742,203.89825439453125,46.822959899902344,110.7564697265625,2888.919921875
2018-09-13,224.6592559814453,1989.8699951171875,59.929534912109375,88.73999786376953,43.7742919921875,33.5605583190918,1175.3299560546875,44.99977493286133,45.076927185058594,206.2064208984375,47.05964279174805,111.94623565673828,2904.179931640625
2018-09-14,222.10910034179688,1970.18994140625,59.83094787597656,87.16999816894531,43.41968536376953,33.93291091918945,1172.530029296875,44.970149993896484,45.23429870605469,205.05233764648438,47.523136138916016,112.40229797363281,2904.97998046875
2018-09-17,216.19520568847656,1908.030029296875,60.432315826416016,87.19999694824219,43.8038444519043,34.315059661865234,1156.050048828125,44.851646423339844,45.558876037597656,206.67987060546875,47.02019500732422,111.18280029296875,2888.800048828125
2018-09-18,216.5524139404297,1941.050048828125,60.60976791381836,87.61000061035156,43.53788757324219,34.39344787597656,1161.219970703125,45.52313995361328,45.17528533935547,208.65267944335938,47.18783950805664,112.24366760253906,2904.31005859375
2018-09-19,216.68141174316406,1926.4200439453125,59.939395904541016,87.37999725341797,42.59226989746094,35.010765075683594,1171.0899658203125,45.57251739501953,45.20479202270508,210.22105407714844,48.4205436706543,110.74655151367188,2907.949951171875
2018-09-20,218.32858276367188,1944.300048828125,60.875946044921875,88.30000305175781,42.74001693725586,35.353721618652344,1186.8699951171875,46.609375,45.873619079589844,212.34181213378906,49.18975067138672,112.60059356689453,2930.75
2018-09-21,215.97691345214844,1915.010009765625,61.36886978149414,87.72000122070312,42.99612808227539,34.6090202331543,1166.0899658203125,46.076133728027344,45.814605712890625,213.38739013671875,48.726253509521484,113.28470611572266,2929.669921875
2018-09-24,219.0826873779297,1934.3599853515625,60.71821212768555,87.55999755859375,42.5528678894043,34.05049133300781,1173.3699951171875,46.32300567626953,45.312984466552734,210.60574340820312,47.88801956176758,113.69120788574219,2919.3701171875
2018-09-25,220.4718780517578,1974.550048828125,60.9449577331543,87.56999969482422,41.94215393066406,32.87464904785156,1184.6500244140625,45.33551788330078,44.92939376831055,207.7747802734375,47.61188888549805,113.47308349609375,2915.56005859375
2018-09-26,218.71556091308594,1974.8499755859375,60.74778747558594,88.30000305175781,41.567848205566406,33.051025390625,1180.489990234375,45.128143310546875,45.096595764160156,208.19894409179688,47.039920806884766,113.0071029663086,2905.969970703125
2018-09-27,223.2105255126953,2012.97998046875,61.073116302490234,89.25,42.16870880126953,32.99222946166992,1194.6400146484375,45.30589294433594,45.25396728515625,207.2519989013672,47.108951568603516,113.43342590332031,2914.0
2018-09-28,223.9944305419922,2003.0,61.20127868652344,89.48999786376953,43.005977630615234,32.99222946166992,1193.469970703125,46.69824981689453,45.43101119995117,207.84384155273438,45.92555618286133,113.39376831054688,2913.97998046875
2018-10-01,225.50267028808594,2004.3599853515625,61.22099304199219,89.87999725341797,42.75971984863281,33.511566162109375,1195.31005859375,45.8687629699707,45.47035598754883,209.3037109375,45.98472595214844,114.62318420410156,2924.590087890625
2018-10-02,227.50704956054688,1971.31005859375,61.91108322143555,91.86000061035156,43.350730895996094,32.62968063354492,1200.1099853515625,47.498111724853516,45.74575424194336,212.77581787109375,45.98472595214844,114.1671142578125,2923.429931640625
2018-10-03,230.27548217773438,1952.760009765625,61.763206481933594,91.87000274658203,42.45436477661133,33.315589904785156,1202.949951171875,48.14985275268555,45.116268157958984,212.82513427734375,46.45808410644531,114.18693542480469,2925.510009765625
2018-10-04,226.22703552246094,1909.4200439453125,61.87234878540039,88.5999984741211,42.59226989746094,33.5605583190918,1168.18994140625,47.527740478515625,45.096595764160156,210.93125915527344,46.615867614746094,111.8272476196289,2901.610107421875
2018-10-05,222.55563354492188,1889.6500244140625,61.92195510864258,87.2699966430664,43.15372848510742,33.43317413330078,1157.3499755859375,46.44150161743164,45.1261100769043,210.2901153564453,46.103065490722656,111.17288970947266,2885.570068359375
2018-10-08,222.03965759277344,1864.4200439453125,62.40812683105469,87.48999786376953,43.350730895996094,33.5605583190918,1148.969970703125,46.44150161743164,45.71624755859375,211.45404052734375,46.36933135986328,109.90380859375,2884.429931640625
2018-10-09,225.1156768798828,1870.3199462890625,62.73554229736328,86.76000213623047,43.36058044433594,31.992767333984375,1138.8199462890625,45.96751022338867,45.62772750854492,207.5577850341797,45.5212287902832,111.30177307128906,2880.340087890625
2018-10-10,214.6869659423828,1755.25,60.29478073120117,84.2300033569336,42.90747833251953,31.943769454956055,1081.219970703125,44.23940658569336,44.92939376831055,199.4002685546875,44.00253677368164,105.25384521484375,2785.679931640625
2018-10-11,212.79171752929688,1719.3599853515625,57.05035400390625,80.70999908447266,42.089908599853516,31.659610748291016,1079.3199462890625,43.676536560058594,43.9064826965332,194.05398559570312,42.888179779052734,105.0059814453125,2728.3701171875
2018-10-12,220.3925018310547,1788.6099853515625,57.060272216796875,82.58000183105469,42.2672119140625,31.15007781982422,1110.0799560546875,44.31840896606445,43.94582748413086,195.53358459472656,42.82900619506836,108.63473510742188,2767.1298828125
2018-10-15,215.67922973632812,1760.949951171875,57.15949249267578,81.83000183105469,42.385414123535156,31.473432540893555,1092.25,43.97278594970703,44.17204666137695,196.23394775390625,42.86845397949219,106.68155670166016,2750.7900390625
2018-10-16,220.4321746826172,1819.9599609375,57.37777328491211,84.27999877929688,42.8089714050293,31.68900489807129,1121.280029296875,45.365142822265625,44.742515563964844,199.57781982421875,45.30427169799805,110.05253601074219,2809.919921875
2018-10-17,219.4796142578125,1831.72998046875,58.43940734863281,84.27999877929688,42.346012115478516,31.28725814819336,1115.68994140625,45.31576919555664,45.10643768310547,200.16964721679688,46.53697204589844,109.76500701904297,2809.2099609375
2018-10-18,214.34957885742188,1770.719970703125,55.542240142822266,82.94999694824219,42.43466567993164,30.454368591308594,1087.969970703125,44.40727996826172,44.86054229736328,197.65435791015625,45.39302444458008,107.57386779785156,2768.780029296875
2018-10-19,217.61415100097656,1764.030029296875,53.8753776550293,82.41000366210938,43.468936920166016,30.57195281982422,1096.4599609375,43.44941711425781,45.5687141418457,197.13156127929688,45.77762985229492,107.73250579833984,2767.780029296875
2018-10-22,218.9437713623047,1789.300048828125,50.482120513916016,80.61000061035156,42.84837341308594,30.709135055541992,1101.1600341796875,44.446781158447266,45.214630126953125,198.6210174560547,44.48575973510742,108.69422149658203,2755.8798828125
2018-10-23,221.0076904296875,1768.699951171875,50.25392150878906,79.7699966430664,42.87792205810547,31.473432540893555,1103.68994140625,43.94316101074219,45.59821701049805,189.93084716796875,43.90392303466797,107.17728424072266,2740.68994140625
2018-10-24,213.42677307128906,1664.199951171875,48.44815444946289,74.70999908447266,43.853092193603516,29.944835662841797,1050.7099609375,41.88918685913086,45.962135314941406,182.02980041503906,42.888179779052734,101.44662475585938,2656.10009765625
2018-10-25,218.10035705566406,1782.1700439453125,48.82518005371094,72.72000122070312,43.1931266784668,31.35584831237793,1095.5699462890625,43.75553894042969,45.74575424194336,182.47369384765625,43.93350601196289,107.37557983398438,2705.570068359375
2018-10-26,214.62741088867188,1642.81005859375,50.035640716552734,72.44999694824219,42.96657180786133,31.992767333984375,1071.469970703125,45.11827087402344,45.16544723510742,182.43423461914062,43.361534118652344,106.04701232910156,2658.68994140625
2018-10-29,210.5988311767578,1538.8800048828125,49.34111404418945,71.43000030517578,43.41968536376953,32.463104248046875,1020.0800170898438,44.83190155029297,45.69657516479492,183.26280212402344,43.34181213378906,102.96356201171875,2641.25
2018-10-30,211.65061950683594,1530.4200439453125,49.62884521484375,72.33999633789062,43.71519088745117,32.86484909057617,1036.2099609375,47.1623649597168,46.84735107421875,187.22811889648438,44.18581008911133,102.84459686279297,2682.6298828125
2018-10-31,217.16761779785156,1598.010009765625,50.144779205322266,71.5999984741211,43.15372848510742,35.853450775146484,1076.77001953125,46.29338073730469,47.09324264526367,187.6719970703125,45.33761978149414,105.8982925415039,2711.739990234375
2018-11-01,220.5016326904297,1665.530029296875,51.722347259521484,75.61000061035156,42.99612808227539,35.735870361328125,1070.0,47.61661148071289,46.955543518066406,189.6053466796875,45.56599426269531,105.0158920288086,2740.3701171875
2018-11-02,205.8756103515625,1665.530029296875,50.29360580444336,74.19000244140625,42.749874114990234,35.304725646972656,1057.7900390625,46.520503997802734,47.21126937866211,190.18731689453125,45.625572204589844,105.25384521484375,2723.06005859375
2018-11-05,200.03115844726562,1627.800048828125,51.62312698364258,74.2699966430664,43.518184661865234,35.52029800415039,1040.0899658203125,47.36974334716797,47.889930725097656,190.621337890625,45.496490478515625,106.59232330322266,2738.31005859375
2018-11-06,202.19432067871094,1642.81005859375,50.94844436645508,75.08999633789062,43.646240234375,35.726070404052734,1055.81005859375,46.95238494873047,48.30303192138672,192.64344787597656,45.39719772338867,106.80052947998047,2755.449951171875
2018-11-07,208.32650756835938,1755.489990234375,52.57562255859375,75.45999908447266,44.0008430480957,36.13761520385742,1093.3900146484375,48.41312789916992,48.55875778198242,198.5519561767578,46.28091049194336,111.00433349609375,2813.889892578125
2018-11-08,207.5996551513672,1754.9100341796875,52.397029876708984,75.2300033569336,44.079647064208984,35.83385467529297,1082.4000244140625,48.681427001953125,48.51941680908203,201.29415893554688,46.1021842956543,110.79613494873047,2806.830078125
2018-11-09,203.59681701660156,1712.4300537109375,52.97249221801758,74.0199966430664,44.36530303955078,34.98136901855469,1066.1500244140625,47.806968688964844,48.86366271972656,198.36456298828125,45.40712356567383,108.63473510742188,2781.010009765625
2018-11-12,193.34078979492188,1636.8499755859375,52.43671417236328,71.0199966430664,45.035118103027344,34.9715690612793,1038.6300048828125,46.35616683959961,49.05054473876953,194.35977172851562,43.818424224853516,105.9577865600586,2726.219970703125
2018-11-13,191.40907287597656,1631.1700439453125,52.178749084472656,70.23999786376953,45.22227096557617,35.20674133300781,1036.050048828125,47.09150314331055,49.040706634521484,195.6716766357422,44.364540100097656,106.02719116210938,2722.179931640625
2018-11-14,186.0022735595703,1599.010009765625,52.178749084472656,69.62999725341797,44.87986755371094,34.52082824707031,1043.6600341796875,46.793392181396484,48.94234848022461,195.36590576171875,43.54039764404297,104.52361297607422,2701.580078125
2018-11-15,190.59259033203125,1619.43994140625,52.853431701660156,69.9800033569336,45.20738220214844,34.834388732910156,1064.7099609375,47.806968688964844,48.92267990112305,202.1227264404297,43.987220764160156,106.82378387451172,2730.199951171875
2018-11-16,192.7035369873047,1593.4100341796875,53.64717483520508,69.6500015258789,45.53490447998047,35.030364990234375,1061.489990234375,48.52243423461914,49.345611572265625,206.15708923339844,43.818424224853516,107.8294906616211,2736.27001953125
2018-11-19,185.0662841796875,1512.2900390625,53.061790466308594,69.4000015258789,45.75324630737305,34.96177291870117,1020.0,47.697662353515625,49.680023193359375,202.7836151123047,44.09644317626953,104.17510223388672,2690.72998046875
2018-11-20,176.2241973876953,1495.4599609375,53.101478576660156,66.75,45.098209381103516,34.38364791870117,1025.760009765625,47.09150314331055,48.56859588623047,197.78257751464844,42.795692443847656,101.27747344970703,2641.889892578125
2018-11-21,176.02505493164062,1516.72998046875,52.78397750854492,67.54000091552734,44.61189651489258,34.834388732910156,1037.6099853515625,46.733768463134766,47.92927551269531,197.32574462890625,43.42124557495117,102.67151641845703,2649.929931640625
2018-11-23,171.55422973632812,1502.06005859375,52.516090393066406,66.6500015258789,44.51264953613281,35.20674133300781,1023.8800048828125,46.246856689453125,48.21451187133789,195.44871520996094,42.77583694458008,102.6316909790039,2632.56005859375
2018-11-26,173.87428283691406,1581.3299560546875,52.31765365600586,68.0,44.860015869140625,36.89211654663086,1048.6199951171875,47.151126861572266,48.06697463989258,198.48770141601562,43.96736145019531,106.0172348022461,2673.449951171875
2018-11-27,173.49591064453125,1581.4200439453125,50.7500114440918,69.19000244140625,45.18753433227539,35.951438903808594,1044.4100341796875,47.76721954345703,48.55875778198242,199.31201171875,43.73898696899414,106.68437957763672,2682.169921875
2018-11-28,180.16729736328125,1677.75,51.593360900878906,70.9800033569336,45.4753532409668,36.20621109008789,1086.22998046875,48.55224609375,48.89317321777344,202.9369354248047,44.99009323120117,110.6474609375,2743.7900390625
2018-11-29,178.78323364257812,1673.5699462890625,51.41476821899414,70.16000366210938,45.326480865478516,36.0200309753418,1088.300048828125,47.39955139160156,48.556114196777344,203.15542602539062,44.195735931396484,109.7214126586914,2737.800048828125
2018-11-30,177.8173828125,1690.1700439453125,53.04194641113281,72.22000122070312,46.04106521606445,37.18607711791992,1094.4300537109375,48.999412536621094,49.963829040527344,206.4923553466797,44.07658386230469,110.4184341430664,2760.169921875
2018-12-03,184.03073120117188,1772.3599853515625,52.86335372924805,73.41999816894531,46.13039016723633,37.6760139465332,1106.4300537109375,49.814247131347656,49.25996780395508,207.3265838623047,45.08938217163086,111.61332702636719,2790.3701171875
2018-12-04,175.93545532226562,1668.4000244140625,51.62312698364258,72.47000122070312,46.59685516357422,35.78486251831055,1050.8199462890625,47.44923782348633,49.15092468261719,200.81163024902344,42.8155517578125,108.05850982666016,2700.06005859375
2018-12-06,173.97386169433594,1699.18994140625,52.833587646484375,72.80000305175781,46.5472297668457,35.349185943603516,1068.72998046875,48.065330505371094,48.95265579223633,201.288330078125,42.30915451049805,108.72566986083984,2695.949951171875
2018-12-07,167.77047729492188,1629.1300048828125,52.6649169921875,70.08000183105469,46.60677719116211,34.3491096496582,1036.5799560546875,45.94874954223633,48.665164947509766,196.8788299560547,41.02825927734375,104.3742446899414,2633.080078125
2018-12-10,168.875732421875,1641.030029296875,52.168827056884766,68.68000030517578,46.64647674560547,34.081764221191406,1039.550048828125,46.912635803222656,48.813865661621094,196.95828247070312,40.422569274902344,107.13246154785156,2637.719970703125
2018-12-11,167.9098663330078,1643.239990234375,52.02000045776367,69.48999786376953,46.53730392456055,34.3491096496582,1051.75,47.081565856933594,49.111270904541016,196.10418701171875,40.33320236206055,108.12821197509766,2636.780029296875
2018-12-12,168.37786865234375,1663.5400390625,53.02210235595703,70.9000015258789,46.53730392456055,35.329383850097656,1063.6800537109375,47.52873229980469,48.79404067993164,198.43804931640625,40.5218620300293,108.61613464355469,2651.070068359375
2018-12-13,170.21995544433594,1658.3800048828125,53.22053909301758,69.73999786376953,46.59685516357422,34.764984130859375,1061.9000244140625,47.985836029052734,49.04187774658203,200.74212646484375,40.3133430480957,108.98455810546875,2650.5400390625
2018-12-14,164.7733154296875,1591.9100341796875,51.71242141723633,68.19999694824219,46.70602798461914,34.75508117675781,1042.0999755859375,47.55854415893555,48.913002014160156,194.75352478027344,39.36012268066406,105.5791015625,2599.949951171875
2018-12-17,163.23989868164062,1520.9100341796875,50.52180480957031,68.12999725341797,45.26693344116211,34.31940460205078,1016.530029296875,46.7834587097168,47.9117431640625,191.4960479736328,39.320404052734375,102.45245361328125,2545.93994140625
2018-12-18,165.36080932617188,1551.47998046875,51.156803131103516,66.62999725341797,45.455501556396484,34.55704879760742,1028.7099609375,47.439300537109375,47.90182876586914,193.22409057617188,39.60835647583008,103.52786254882812,2546.159912109375
2018-12-19,160.2029266357422,1495.0799560546875,49.99595260620117,65.58000183105469,45.37610626220703,34.586753845214844,1023.010009765625,45.28296661376953,47.4854621887207,188.6556854248047,39.02252197265625,103.24905395507812,2506.9599609375
2018-12-20,156.16026306152344,1460.8299560546875,49.66853332519531,64.5199966430664,45.465431213378906,33.9332389831543,1009.4099731445312,45.25315856933594,47.128578186035156,186.09339904785156,38.635276794433594,101.07832336425781,2467.419921875
2018-12-21,150.0863037109375,1377.449951171875,49.4304084777832,60.91999816894531,45.54482650756836,32.655914306640625,979.5399780273438,44.55756378173828,47.15831756591797,182.4883270263672,37.413963317871094,97.8122787475586,2416.6201171875
2018-12-24,146.20297241210938,1343.9599609375,48.37869644165039,59.209999084472656,43.50032424926758,32.05190658569336,976.219970703125,43.31543731689453,45.562252044677734,177.39353942871094,36.74869155883789,93.72970581054688,2351.10009765625
2018-12-26,156.49880981445312,1470.9000244140625,49.63876724243164,62.5,44.14543151855469,33.190608978271484,1039.4599609375,45.8990592956543,46.53376770019531,184.9810791015625,39.02252197265625,100.13236236572266,2467.699951171875
2018-12-27,155.483154296875,1461.6400146484375,50.01579666137695,62.810001373291016,44.44317626953125,33.626285552978516,1043.8800048828125,46.0679931640625,47.1186637878418,189.39059448242188,39.379981994628906,100.74972534179688,2488.830078125
2018-12-28,155.5628204345703,1478.02001953125,50.541648864746094,62.43000030517578,44.403480529785156,33.58667755126953,1037.0799560546875,46.455535888671875,46.79151916503906,188.06973266601562,39.0920295715332,99.96308898925781,2485.739990234375
2018-12-31,157.06637573242188,1501.969970703125,51.573516845703125,64.08999633789062,44.76076889038086,33.12129592895508,1035.6099853515625,46.634403228759766,46.94021987915039,189.231689453125,39.370052337646484,101.13806915283203,2506.85009765625
